{"meta": {"version": "7.3.2", "timestamp": "2025-10-18T00:06:42.549688", "branch_coverage": false, "show_contexts": false}, "files": {"api/__init__.py": {"executed_lines": [0], "summary": {"covered_lines": 0, "num_statements": 0, "percent_covered": 100.0, "percent_covered_display": "100", "missing_lines": 0, "excluded_lines": 0}, "missing_lines": [], "excluded_lines": []}, "api/dummy_aadhaar_api.py": {"executed_lines": [1, 2, 4, 7, 13, 15, 17, 19, 20, 22, 24, 25, 27, 29, 30, 32, 33, 35, 37, 38, 40, 42, 43, 45, 46, 48, 50, 51, 53, 54, 56, 58, 59, 61, 63, 64, 66, 68, 69, 71, 73, 74, 75, 76, 81, 83, 84, 86, 88, 89, 91, 92, 94, 103, 105, 106, 108, 110, 111, 134, 135, 139], "summary": {"covered_lines": 62, "num_statements": 77, "percent_covered": 80.51948051948052, "percent_covered_display": "81", "missing_lines": 15, "excluded_lines": 0}, "missing_lines": [95, 96, 97, 113, 114, 116, 117, 119, 120, 124, 125, 132, 137, 140, 141], "excluded_lines": []}}, "totals": {"covered_lines": 62, "num_statements": 77, "percent_covered": 80.51948051948052, "percent_covered_display": "81", "missing_lines": 15, "excluded_lines": 0}}